Parameter,Importance
learning_rate,0.46775983780206865
dropout1,0.1808548740784563
units_layer2,0.12422733952537521
units_layer1,0.10607724447131457
batch_size,0.08321882718197385
dropout2,0.0378618769408113
