Parameter,Importance
learning_rate,0.8725898437104316
n_d,0.06403992779196051
batch_size,0.045648656482792045
n_a,0.009773516409195554
gamma,0.003761013399804732
lambda_sparse,0.002111782292725364
n_steps,0.0020752599130903046
