Parameter,Importance
n_neighbors,0.9763109508476138
metric,0.02071240532122049
weights,0.0029766438311657098
