Parameter,Importance
tabnet_weight,0.39054942159987643
nn_weight,0.23272992224003566
knn_weight,0.21313180467493373
rf_weight,0.1635888514851541
