Parameter,Importance
knn_weight,0.41415043508890775
nn_weight,0.32503245049321533
tabnet_weight,0.20420743542921366
rf_weight,0.05660967898866322
