Parameter,Importance
knn_weight,0.35643888666283596
nn_weight,0.3441546314994925
tabnet_weight,0.21619387725474148
rf_weight,0.08321260458293009
