Parameter,Importance
tabnet_weight,0.48620048563775936
nn_weight,0.30128740841933394
knn_weight,0.158658515997375
rf_weight,0.05385358994553173
