Parameter,Importance
learning_rate,0.5926698818088518
n_d,0.3129325153802906
batch_size,0.0591649429954324
n_steps,0.017821644049119335
gamma,0.0061896513095645745
lambda_sparse,0.006156071523561537
n_a,0.005065292933179809
