Parameter,Importance
n_neighbors,0.9955854021907755
weights,0.003430235005209179
metric,0.000984362804015387
