Parameter,Importance
learning_rate,0.4489387810745247
dropout1,0.1870317949859183
units_layer1,0.1435623516584724
units_layer2,0.13252519952095795
dropout2,0.05030692054322664
batch_size,0.03763495221690001
